District,Total_Population,Population_Per_Sq_Km
District_1,4825689,3612
District_2,199379,1109
District_3,9524995,2798
District_4,1140353,2149
District_5,5252764,1034
District_6,2856750,4679
District_7,5279624,1393
District_8,9377272,4187
District_9,8685925,2113
District_10,2403057,722
District_11,423151,3743
District_12,834031,3448
District_13,2834324,4092
District_14,4163034,3649
District_15,9277560,3578
District_16,7613708,4209
District_17,4550433,656
District_18,5732731,959
District_19,1219466,2002
District_20,6705317,203
District_21,8882512,2783
District_22,8861574,3923
District_23,2623588,1291
District_24,4618002,4672
District_25,976170,3701
District_26,5630020,2103
District_27,903702,4496
District_28,4966692,2692
District_29,9732003,3599
District_30,8750486,847
District_31,2452469,61
District_32,7609765,832
District_33,8025093,2510
District_34,8183633,4164
District_35,6861428,4960
District_36,6285335,3781
District_37,9290373,638
District_38,4952443,2933
District_39,675741,82
District_40,9522836,674
District_41,1760604,1759
District_42,9131098,2221
District_43,2056786,4994
District_44,4983029,1196
District_45,3127982,4975
District_46,4944020,589
District_47,1195899,3708
District_48,9716717,3327
District_49,6424873,945
District_50,8958332,3323
District_51,2511750,1107
District_52,6804105,4236
District_53,3940436,4142
District_54,6459592,3308
District_55,6037402,1952
District_56,3746748,841
District_57,8628125,3483
District_58,5543346,4118
District_59,8713196,2086
District_60,4422406,1334
District_61,2860230,3761
District_62,9640842,2937
District_63,3775140,4242
District_64,3331120,1252
District_65,7361031,990
District_66,5148470,1955
District_67,791561,4093
District_68,3804817,3716
District_69,7370794,123
District_70,6807371,1574
District_71,1830941,1472
District_72,7584537,2841
District_73,5722995,3343
District_74,9247140,4870
District_75,7443121,1332
District_76,8092827,1726
District_77,7750001,1551
District_78,2519211,3108
District_79,5595930,3010
District_80,5927372,4365
District_81,8753537,3550
District_82,6927572,2286
District_83,9207182,3845
District_84,7008846,3656
District_85,3248283,4593
District_86,3283391,4391
District_87,6013956,1228
District_88,7833230,3478
District_89,6097171,3915
District_90,9452643,3000
District_91,5441594,2039
District_92,605063,4618
District_93,5251621,3901
District_94,7529226,3999
District_95,164035,369
District_96,3027738,267
District_97,8395096,1262
District_98,8981008,3314
District_99,5916863,180
District_100,9033519,2247
District_101,9215256,3592
District_102,2809464,1799
District_103,8158369,850
District_104,7160593,4573
District_105,7464440,159
District_106,9599919,310
District_107,600840,3564
District_108,3171215,3294
District_109,3382288,4603
District_110,3907213,638
District_111,8721475,3094
District_112,939732,3976
District_113,3919019,2008
District_114,118028,2438
District_115,3283903,1121
District_116,6936868,1815
District_117,2560216,731
District_118,2361626,3915
District_119,5125783,4726
District_120,3782314,1994
District_121,3004356,2467
District_122,1854278,1644
District_123,6191348,4992
District_124,7214443,3168
District_125,6368994,464
District_126,2357645,4263
District_127,5148732,3777
District_128,2281863,4683
District_129,8300136,910
District_130,7059743,230
District_131,7003845,2110
District_132,7630715,3052
District_133,6512312,100
District_134,1446805,507
District_135,391670,407
District_136,6690049,726
District_137,2420798,1815
District_138,7251409,3778
District_139,9976958,4284
District_140,8754212,670
District_141,815942,866
District_142,8053513,2010
District_143,9396103,4059
District_144,7490470,3043
District_145,6731099,2945
District_146,4500052,924
District_147,2650110,1980
District_148,4488852,69
District_149,8012910,905
District_150,7417847,1385
District_151,3249049,2435
District_152,1520145,4234
District_153,2979258,172
District_154,3969738,3221
District_155,3511484,1229
District_156,6057566,4062
District_157,204655,1592
District_158,9071169,914
District_159,8605736,1096
District_160,7587299,1607
District_161,8841946,4842
District_162,9099386,2899
District_163,7476986,2311
District_164,7190437,4022
District_165,5095951,412
District_166,8799278,3894
District_167,3913385,228
District_168,1294915,1035
District_169,916938,3302
District_170,3342898,2416
District_171,3433549,1296
District_172,6863549,4060
District_173,7187130,3424
District_174,9241504,2966
District_175,9260827,1877
District_176,3605569,471
District_177,4369373,1633
District_178,5621268,1454
District_179,8522838,1552
District_180,4876851,2563
District_181,274237,4060
District_182,3519587,2052
District_183,1851042,3699
District_184,9353023,4946
District_185,5945729,3075
District_186,5735556,4643
District_187,9965247,3175
District_188,7106014,751
District_189,6146812,2714
District_190,2142542,4596
District_191,4256731,3753
District_192,4641394,241
District_193,9726830,3285
District_194,3570056,4421
District_195,3288286,1262
District_196,1937358,3130
District_197,6103160,3093
District_198,501393,3627
District_199,2306148,1023
District_200,9497090,4204
District_201,7868037,4944
District_202,2056524,852
District_203,114333,2385
District_204,8670284,4801
District_205,8727663,3575
District_206,2480576,3827
District_207,7689471,3588
District_208,1420751,1921
District_209,2141354,2890
District_210,7513839,3481
District_211,2908603,2173
District_212,8298720,1646
District_213,5485053,2890
District_214,4252571,254
District_215,2271353,4647
District_216,6701698,4673
District_217,5345240,2810
District_218,4421886,1724
District_219,9773303,566
District_220,2132083,438
District_221,3589854,4096
District_222,1986208,3125
District_223,9328678,4595
District_224,8756960,4303
District_225,1703908,3318
District_226,9445181,3728
District_227,2072507,4021
District_228,826440,4112
District_229,8487886,2077
District_230,2406421,2798
District_231,712174,4245
District_232,481419,661
District_233,3165642,2325
District_234,674034,1535
District_235,2241874,4544
District_236,5824523,4295
District_237,6216491,4477
District_238,2898070,4379
District_239,7158486,4812
District_240,2769656,1217
District_241,8040295,1539
District_242,7996837,2064
District_243,7370138,912
District_244,8735536,3102
District_245,146281,4915
District_246,4835218,1385
District_247,5562323,4045
District_248,5691121,4052
District_249,5959759,3005
District_250,6533983,3165
District_251,4199981,712
District_252,1432762,4421
District_253,2551064,4619
District_254,2418147,534
District_255,918845,575
District_256,4558779,3669
District_257,864977,1035
District_258,1936537,765
District_259,513795,2877
District_260,4327915,1307
District_261,7668274,4498
District_262,8857710,3215
District_263,5399823,694
District_264,693571,2629
District_265,7717849,278
District_266,8648065,1443
District_267,9445942,2346
District_268,2527807,2302
District_269,6969924,2032
District_270,1300030,3893
District_271,5229881,1696
District_272,5717896,3270
District_273,2514854,3647
District_274,2341941,2885
District_275,6059121,4092
District_276,9882199,316
District_277,1074683,412
District_278,6870310,3800
District_279,9898108,2939
District_280,7809586,4458
District_281,6643765,4396
District_282,9867416,3486
District_283,5672543,2934
District_284,5651929,3225
District_285,8780365,1863
District_286,3096513,3150
District_287,4136825,4313
District_288,1374061,428
District_289,3470633,3091
District_290,2619330,1320
District_291,3098883,220
District_292,706607,3488
District_293,1732442,1701
District_294,2953755,1434
District_295,6048638,4494
District_296,570773,3486
District_297,2661834,2492
District_298,6002519,2642
District_299,6949390,2181
District_300,6078543,1995
District_301,7460728,2047
District_302,721114,4822
District_303,7864774,1788
District_304,6399441,1928
District_305,1405794,79
District_306,8052518,2481
District_307,3897819,857
District_308,5380190,1009
District_309,2962640,4288
District_310,9408530,2792
District_311,763610,4131
District_312,6693278,3458
District_313,5867224,1945
District_314,4610426,2112
District_315,8344035,1018
District_316,9728309,2526
District_317,9900503,1696
District_318,2584244,3211
District_319,3431348,1426
District_320,9705650,2867
District_321,3711626,4414
District_322,7785155,2740
District_323,403305,2361
District_324,9654844,4273
District_325,6996441,4832
District_326,2425234,2986
District_327,2085518,1038
District_328,3066179,4958
District_329,3023500,1089
District_330,4151507,1090
District_331,5590030,4282
District_332,5704429,1241
District_333,343581,2206
District_334,1664185,794
District_335,9913407,1874
District_336,3905351,2382
District_337,5348641,4806
District_338,1084768,4698
District_339,6739672,3888
District_340,4819571,811
District_341,2113792,4345
District_342,9924286,1323
District_343,8636547,2566
District_344,6957849,2817
District_345,3738058,3225
District_346,8182417,3711
District_347,372693,1327
District_348,2011289,691
District_349,1600737,2625
District_350,8944553,1487
District_351,4670358,4223
District_352,2215094,3234
District_353,9353892,4240
District_354,5273496,250
District_355,4892871,1822
District_356,3420343,861
District_357,5178866,3703
District_358,4336268,1407
District_359,5500368,3994
District_360,4677234,4032
District_361,1457366,4335
District_362,7017219,2558
District_363,9344610,3416
District_364,5556885,1829
District_365,7396144,4799
District_366,5510108,1250
District_367,3477308,1341
District_368,188983,1302
District_369,7860161,2494
District_370,5452321,946
District_371,4782233,165
District_372,5875957,1820
District_373,1245287,3371
District_374,541396,4802
District_375,5297249,4135
District_376,7415852,56
District_377,6155177,1963
District_378,4832670,3767
District_379,8453319,2862
District_380,1919071,2980
District_381,1427224,3137
District_382,920728,4485
District_383,8771424,3176
District_384,2714395,4314
District_385,6739601,4863
District_386,3947878,4851
District_387,2115840,3399
District_388,1035504,2318
District_389,9720577,2064
District_390,827320,4973
District_391,9255528,4070
District_392,613953,4748
District_393,4518640,335
District_394,2053399,2714
District_395,1850633,213
District_396,4814355,3666
District_397,2025838,1579
District_398,183778,877
District_399,4967986,1871
District_400,7198214,4224
District_401,8899186,3447
District_402,4569633,4979
District_403,7220230,4717
District_404,6941952,4314
District_405,3220202,954
District_406,1414292,4711
District_407,6143954,564
District_408,8001957,1748
District_409,4365684,2352
District_410,870788,1663
District_411,8920637,526
District_412,4443327,3619
District_413,5421999,2692
District_414,3417091,1160
District_415,1155952,2829
District_416,9447726,2127
District_417,2507365,1678
District_418,8601275,4675
District_419,4319776,2456
District_420,7116433,4384
District_421,9786423,3029
District_422,4636800,149
District_423,3730328,606
District_424,4571428,2510
District_425,6212490,3973
District_426,1345028,951
District_427,1273382,4628
District_428,1965086,3626
District_429,9764858,67
District_430,5406939,4473
District_431,3167778,700
District_432,7394862,2420
District_433,5156744,3554
District_434,719237,3356
District_435,4400202,3083
District_436,7946861,4862
District_437,1633156,4700
District_438,4018983,682
District_439,4940881,3613
District_440,6487701,3902
District_441,244393,459
District_442,472937,2024
District_443,5208924,1398
District_444,6987172,3610
District_445,3544156,3934
District_446,5844837,142
District_447,9435953,4853
District_448,981890,3486
District_449,4817712,3757
District_450,4787388,4329
District_451,5947790,2635
District_452,5484633,2616
District_453,8487678,985
District_454,9736172,3697
District_455,8831284,3528
District_456,5822105,2009
District_457,7515793,3880
District_458,8489709,3703
District_459,2236195,1213
District_460,5748518,3345
District_461,7030247,172
District_462,9088512,4618
District_463,9793801,2162
District_464,2768165,416
District_465,7545108,1476
District_466,2917790,4443
District_467,7424123,4879
District_468,6445845,2140
District_469,2875205,87
District_470,4466887,608
District_471,7032404,2015
District_472,6223985,3580
District_473,2212118,1877
District_474,7968231,2027
District_475,2027158,3090
District_476,8206939,1384
District_477,5574912,4852
District_478,9919979,602
District_479,1106467,3268
District_480,7786374,3919
District_481,6144957,315
District_482,1334298,1871
District_483,5741669,3199
District_484,8139107,1319
District_485,2112066,1572
District_486,3160352,1992
District_487,5016462,4446
District_488,7412359,2909
District_489,1611564,657
District_490,2242536,2960
District_491,3942952,1762
District_492,4882582,2697
District_493,5521646,1267
District_494,139315,3476
District_495,4818959,3150
District_496,5640201,3727
District_497,9847519,2757
District_498,9765851,3550
District_499,133974,1316
District_500,1488201,1187
District_501,7181746,316
District_502,2136338,440
District_503,3172642,170
District_504,2923681,2351
District_505,6653483,1793
District_506,579246,3311
District_507,8261379,2895
District_508,6134343,709
District_509,4655852,1500
District_510,1912475,4382
District_511,8025251,3560
District_512,8949687,1578
District_513,8327542,485
District_514,8804465,4733
District_515,2195320,441
District_516,517125,3353
District_517,1607287,154
District_518,752260,2137
District_519,694477,2652
District_520,5475180,3064
District_521,7637546,1610
District_522,5857245,2715
District_523,7414637,3175
District_524,8129810,4346
District_525,8088192,3631
District_526,7848122,2864
District_527,1590038,1221
District_528,889646,4147
District_529,4378242,4970
District_530,491485,4036
District_531,3230499,4844
District_532,345532,2420
District_533,8284379,1965
District_534,1207445,846
District_535,6244361,2074
District_536,160479,1679
District_537,7875664,2198
District_538,1817640,1336
District_539,6102353,384
District_540,5954118,3139
District_541,5304303,143
District_542,5926163,141
District_543,1920570,2200
District_544,8112960,796
District_545,7770633,2209
District_546,2261746,2997
District_547,2240432,2119
District_548,7268682,1081
District_549,2585701,2252
District_550,2159168,4894
District_551,5611622,1275
District_552,9571213,2461
District_553,2357845,4770
District_554,543937,1601
District_555,4446214,3860
District_556,5719497,4616
District_557,8139393,1978
District_558,2056865,3636
District_559,2040023,4182
District_560,2852387,4281
District_561,2629409,56
District_562,3528539,4821
District_563,3254940,1790
District_564,1189079,638
District_565,3421001,1809
District_566,2401727,2936
District_567,1820065,3367
District_568,3621968,1048
District_569,4063703,3046
District_570,7469473,3850
District_571,5765846,4821
District_572,6653535,3572
District_573,7569000,3158
District_574,8996965,4660
District_575,2702067,3793
District_576,9919148,2525
District_577,1424293,1280
District_578,1840232,3023
District_579,1661309,1290
District_580,6042082,1446
District_581,4894933,2456
District_582,8089480,3966
District_583,2853159,3422
District_584,5703837,4909
District_585,299007,2332
District_586,3696758,2925
District_587,4884560,70
District_588,1067661,3861
District_589,5925833,4504
District_590,5247341,153
District_591,100063,347
District_592,8104853,3771
District_593,3485417,4118
District_594,1775231,4546
District_595,1623931,3218
District_596,3453305,543
District_597,6446712,4924
District_598,8009731,3155
District_599,611874,1701
District_600,7464052,1614
District_601,1194750,885
District_602,228263,4608
District_603,417671,271
District_604,5398696,2426
District_605,6387933,4364
District_606,8522943,437
District_607,9174564,4832
District_608,4139749,3412
District_609,3547060,385
District_610,3517120,506
District_611,6794326,947
District_612,5722558,227
District_613,8248296,925
District_614,6460206,2019
District_615,9891393,4573
District_616,3337254,2024
District_617,3280482,2148
District_618,3206135,4049
District_619,7791572,741
District_620,715038,679
District_621,8083725,3357
District_622,3177046,696
District_623,5264312,4437
District_624,4539735,3630
District_625,6473177,1064
District_626,9802182,1816
District_627,4201445,4087
District_628,6903146,4401
District_629,7591933,4740
District_630,9059449,4604
District_631,3277727,2964
District_632,3653931,505
District_633,3106087,2082
District_634,5903381,1473
District_635,7917589,848
District_636,2223365,2135
District_637,4625554,3236
District_638,3548064,1206
District_639,184469,1031
District_640,4322033,152
District_641,3381797,3396
District_642,1494902,4218
District_643,9138210,2823
District_644,2727534,4291
District_645,2617291,955
District_646,9297933,2989
District_647,3476878,270
District_648,5645873,294
District_649,9380425,1120
District_650,4342923,2417
District_651,2763808,3459
District_652,8096071,3983
District_653,4240380,525
District_654,5910521,905
District_655,426384,1115
District_656,2545530,271
District_657,2509998,3324
District_658,5615061,3194
District_659,5326564,981
District_660,7216115,1452
District_661,168437,2271
District_662,1377139,3638
District_663,2117512,2211
District_664,9658183,2674
District_665,2692222,3259
District_666,3627149,527
District_667,4958067,804
District_668,9583885,3637
District_669,3866821,423
District_670,1932833,2282
District_671,8068207,4992
District_672,9219570,3707
District_673,6899041,2068
District_674,7690154,4587
District_675,1879799,1543
District_676,2842952,979
District_677,2293708,2922
District_678,1018827,614
District_679,3780563,4549
District_680,9067768,3092
District_681,3735112,4441
District_682,2921312,2469
District_683,8770027,366
District_684,998086,1681
District_685,4181583,4669
District_686,5588324,3042
District_687,7627820,1002
District_688,8811449,3643
District_689,7878570,1207
District_690,137244,1308
District_691,7640400,4720
District_692,678556,2331
District_693,2752728,458
District_694,7899721,2419
District_695,7296406,1083
District_696,8337278,1168
District_697,4067902,2503
District_698,3050802,3176
District_699,4321351,3875
District_700,4242062,2137
District_701,8002322,754
District_702,9201441,4646
District_703,3774806,782
District_704,2306574,3686
District_705,1011835,2916
District_706,7498384,4619
District_707,5950639,1212
District_708,2234307,3435
District_709,4341087,2316
District_710,5305178,2087
District_711,6128014,3782
District_712,9778000,459
District_713,897353,3503
District_714,5750408,264
District_715,4258586,4461
District_716,4760673,1805
District_717,4872676,4293
District_718,5358040,1085
District_719,271496,4548
District_720,2005612,3804
District_721,3812580,1359
District_722,3721756,3239
District_723,2075740,1553
District_724,4998322,1336
District_725,5647221,3539
District_726,9929357,858
District_727,4451607,3891
District_728,9529598,3451
District_729,5963858,3617
District_730,229615,2537
District_731,4243781,381
District_732,6220090,2351
District_733,4853290,1077
District_734,121803,633
District_735,1961349,205
District_736,3676075,3941
District_737,7401087,1234
District_738,5848700,2932
District_739,1359072,4702
